Run,NoG,Events,Error
0,11,Train,0.02483077608048916
1,11,Train,0.021138721238821746
2,11,Train,0.03084371513687074
3,11,Train,0.027360024396330118
4,11,Train,0.032881473936140534
