Run,NoG,Events,Error
0,11,Train,0.017452024528756736
1,11,Train,0.012247440160717816
2,11,Train,0.01328379123006016
3,11,Train,0.012745818099938333
4,11,Train,0.01241275449283421
