Fold,NoG,Events,Error
0,11,Train,0.017603372980374843
0,11,Validation,0.011916975490748882
1,11,Train,0.019742064061574638
1,11,Validation,0.014954593381844461
2,11,Train,0.02784065465675667
2,11,Validation,0.020034006563946605
3,11,Train,0.022420090506784618
3,11,Validation,0.017196047585457563
4,11,Train,0.021123486483702436
4,11,Validation,0.015570441726595163
