Fold,NoG,Events,Error
0,11,Train,0.024403536692261696
0,11,Validation,0.020133236655965447
1,11,Train,0.029993268195539713
1,11,Validation,0.0252404457423836
2,11,Train,0.032415330351796
2,11,Validation,0.02893499517813325
3,11,Train,0.03317043895367533
3,11,Validation,0.028664934216067195
4,11,Train,0.02601696940837428
4,11,Validation,0.02035994129255414
