Run,Events,Error
1,Train,0.01924128904938698
2,Train,0.013387077860534191
3,Train,0.01401743832975626
4,Train,0.01897666220637885
5,Train,0.014710156501016834
