Run,Events,Error
1,Train,0.005797255187380043
2,Train,0.005672428121959621
