Run,NoG,Events,Error
0,11,Train,0.022197771538048982
1,11,Train,0.015408255625516176
2,11,Train,0.02055163061013445
3,11,Train,0.018900389689952134
4,11,Train,0.017627053917385636
