Run,NoG,Events,Error
0,11,Train,0.006251197308301926
1,11,Train,0.008006944716908038
2,11,Train,0.008237181475851684
3,11,Train,0.007441412901971489
4,11,Train,0.00578753330046311
