Fold,NoG,Events,Error
0,11,Train,0.010718940015067346
0,11,Validation,0.0070800535613670945
1,11,Train,0.013309780799318105
1,11,Validation,0.009359430056065321
2,11,Train,0.011003025050740689
2,11,Validation,0.0070453399093821645
3,11,Train,0.010902637935942039
3,11,Validation,0.007395160500891507
4,11,Train,0.012692937409156002
4,11,Validation,0.007057994545903057
