Fold,NoG,Events,Error
0,11,Train,0.010181861915043555
0,11,Validation,0.0066508816089481115
1,11,Train,0.016340495698386803
1,11,Validation,0.013304652529768646
2,11,Train,0.013558229169575498
2,11,Validation,0.010424513719044626
3,11,Train,0.010669560331734829
3,11,Validation,0.00803368102060631
4,11,Train,0.011402895601349883
4,11,Validation,0.0076717903721146286
