Run,NoG,Events,Error
0,11,Train,0.007751393562648446
1,11,Train,0.0071924807387404146
2,11,Train,0.00844161621062085
3,11,Train,0.005404878593981266
4,11,Train,0.008288819820154458
