Run,NoG,Events,Error
0,11,Train,0.013275193423032761
1,11,Train,0.011457435972988605
2,11,Train,0.009350185911171139
3,11,Train,0.009836715064011514
4,11,Train,0.008103967050556094
