Fold,NoG,Events,Error
0,11,Train,0.013658953932463191
0,11,Validation,0.0074458125163801014
1,11,Train,0.014645716699305922
1,11,Validation,0.01110795815475285
2,11,Train,0.01328726700739935
2,11,Validation,0.00785132753662765
3,11,Train,0.012480413424782455
3,11,Validation,0.007554128183983266
4,11,Train,0.014274676883360371
4,11,Validation,0.007779459003359079
