Fold,NoG,Events,Error
0,11,Train,0.013150021288311109
0,11,Validation,0.00833037681877613
1,11,Train,0.012654388294322416
1,11,Validation,0.008778777439147234
2,11,Train,0.016761376115027815
2,11,Validation,0.012023299233987927
3,11,Train,0.014218709577107802
3,11,Validation,0.0093914131866768
4,11,Train,0.01305299616069533
4,11,Validation,0.008795723435468972
