Run,NoG,Events,Error
0,11,Train,0.011682433634996414
1,11,Train,0.012609807774424553
2,11,Train,0.0129034019773826
3,11,Train,0.009592893545050173
4,11,Train,0.011828835750930012
