Run,Events,Error
1,Train,0.009243620483374054
2,Train,0.01585862065919421
3,Train,0.010303444652394815
4,Train,0.013305000520565293
5,Train,0.009364450418136336
