Run,NoG,Events,Error
0,11,Train,0.03053447473794222
1,11,Train,0.04155217204242945
2,11,Train,0.039440457429736855
3,11,Train,0.041677817702293396
4,11,Train,0.035916061326861384
