Run,NoG,Events,Error
0,11,Train,0.04256673576310277
1,11,Train,0.03496752385981381
2,11,Train,0.036099645076319575
3,11,Train,0.03502047355286777
4,11,Train,0.045179971121251584
