Fold,NoG,Events,Error
0,11,Train,0.060928943334147334
0,11,Validation,0.05586664890870452
1,11,Train,0.07269031344912946
1,11,Validation,0.0718916803598404
2,11,Train,0.07257516286335886
2,11,Validation,0.07082060910761356
3,11,Train,0.0583648607134819
3,11,Validation,0.05760109284892678
4,11,Train,0.06244878575671464
4,11,Validation,0.06094708014279604
