Fold,NoG,Events,Error
0,11,Train,0.026013120950665325
0,11,Validation,0.021409586537629366
1,11,Train,0.026090662402566522
1,11,Validation,0.021070766262710094
2,11,Train,0.027005774434655905
2,11,Validation,0.02329540951177478
3,11,Train,0.02438287518452853
3,11,Validation,0.02076775161549449
4,11,Train,0.028705791395623237
4,11,Validation,0.022469986928626895
