Run,Events,Error
1,Train,0.016620760766619985
2,Train,0.015393642285330729
3,Train,0.01568626290695234
4,Train,0.009432722746648572
5,Train,0.015596838989718394
