Fold,NoG,Events,Error
0,11,Train,0.03186027135234326
0,11,Validation,0.02967300219461322
1,11,Train,0.030197905784007162
1,11,Validation,0.02543457760475576
2,11,Train,0.03459469374502078
2,11,Validation,0.03183974977582693
3,11,Train,0.02698955882806331
3,11,Validation,0.0236801381688565
4,11,Train,0.03197741857729852
4,11,Validation,0.02789663034491241
