Run,NoG,Events,Error
0,11,Train,0.01978756613098085
1,11,Train,0.021669766725972296
2,11,Train,0.02615185282193124
3,11,Train,0.019837145786732437
4,11,Train,0.023824188392609358
