Run,NoG,Events,Error
0,11,Train,0.02601501061581075
1,11,Train,0.024747828533872963
2,11,Train,0.025251043029129505
3,11,Train,0.028330805618315934
4,11,Train,0.023962860740721226
